fish,bl
Pseed1,13.275946055073300
Pseed5,12.746994654648000
Pseed6,12.637208451982600